{
    "loss": 2.3627476692199707,
    "accuracy": 0.5611510872840881
}