{
    "loss": 7.2549052238464355,
    "accuracy": 0.5467625856399536
}